[
    {
        "input": {
            "str1": "UZTIKVS",
            "str2": "HFRXO"
        },
        "target_scores": 0
    },
    {
        "input": {
            "str1": "WRYRZ",
            "str2": "HFOTGDJMI"
        },
        "target_scores": 0
    },
    {
        "input": {
            "str1": "ZUSYXQUR",
            "str2": "IWKOGYWX"
        },
        "target_scores": 2
    },
    {
        "input": {
            "str1": "LNOK",
            "str2": "XFZSIXEWSZT"
        },
        "target_scores": 0
    },
    {
        "input": {
            "str1": "YJGYK",
            "str2": "TEFR"
        },
        "target_scores": 0
    },
    {
        "input": {
            "str1": "JWVF",
            "str2": "XDWSTWNRKTNKPZFNC"
        },
        "target_scores": 2
    },
    {
        "input": {
            "str1": "VIWCSHZUFT",
            "str2": "YRZJYZZ"
        },
        "target_scores": 1
    },
    {
        "input": {
            "str1": "XNRS",
            "str2": "PGJNYK"
        },
        "target_scores": 1
    },
    {
        "input": {
            "str1": "OUOXLFRTXDW",
            "str2": "ZDCCG"
        },
        "target_scores": 1
    },
    {
        "input": {
            "str1": "XZWNX",
            "str2": "PUZJHEFMIRXJKZ"
        },
        "target_scores": 2
    },
    {
        "input": {
            "str1": "CEQGLDLIFZXNXRHMWX",
            "str2": "VYRFAJ"
        },
        "target_scores": 1
    },
    {
        "input": {
            "str1": "VOPZLNZXEZYYSAJHEY",
            "str2": "ROQXKJUTDP"
        },
        "target_scores": 3
    },
    {
        "input": {
            "str1": "HKMNWXGD",
            "str2": "IPXF"
        },
        "target_scores": 1
    },
    {
        "input": {
            "str1": "WOOHE",
            "str2": "SOMR"
        },
        "target_scores": 1
    },
    {
        "input": {
            "str1": "QWJYQSGQTTUDLEWENYB",
            "str2": "JHOXZI"
        },
        "target_scores": 1
    },
    {
        "input": {
            "str1": "KTOM",
            "str2": "GHLLXYZJMTTGMQJMXYCSPRO"
        },
        "target_scores": 2
    },
    {
        "input": {
            "str1": "BYOHEMHWVLPYQJNNIMXNDLMWV",
            "str2": "HJEGI"
        },
        "target_scores": 3
    },
    {
        "input": {
            "str1": "QMOLU",
            "str2": "QXCR"
        },
        "target_scores": 1
    },
    {
        "input": {
            "str1": "UFFKE",
            "str2": "VFGJZEZCZJMZX"
        },
        "target_scores": 2
    },
    {
        "input": {
            "str1": "NFNLC",
            "str2": "GNYPESIGA"
        },
        "target_scores": 1
    },
    {
        "input": {
            "str1": "AQYEHY",
            "str2": "ROZXY"
        },
        "target_scores": 1
    },
    {
        "input": {
            "str1": "MLQXO",
            "str2": "XHICSHJL"
        },
        "target_scores": 1
    },
    {
        "input": {
            "str1": "YTDIW",
            "str2": "ONLRMXYEQRHP"
        },
        "target_scores": 1
    },
    {
        "input": {
            "str1": "UQXQTZX",
            "str2": "XJSG"
        },
        "target_scores": 1
    },
    {
        "input": {
            "str1": "OTZYI",
            "str2": "YRLW"
        },
        "target_scores": 1
    },
    {
        "input": {
            "str1": "SDZIZGDFSQLB",
            "str2": "OLFXL"
        },
        "target_scores": 2
    },
    {
        "input": {
            "str1": "HYYW",
            "str2": "CJOVZ"
        },
        "target_scores": 0
    },
    {
        "input": {
            "str1": "CHQGT",
            "str2": "OKNLZXJEEUHK"
        },
        "target_scores": 1
    },
    {
        "input": {
            "str1": "JJPCNUR",
            "str2": "ZTVXHOQIYHXCUZNMYSXEPOXTTMK"
        },
        "target_scores": 2
    },
    {
        "input": {
            "str1": "GTYQ",
            "str2": "ZYDBPDQSR"
        },
        "target_scores": 2
    },
    {
        "input": {
            "str1": "ZTNZLNHFIKY",
            "str2": "WVTFFKKY"
        },
        "target_scores": 4
    },
    {
        "input": {
            "str1": "BLUPOTMHTJYE",
            "str2": "VFKNNXZKVWZ"
        },
        "target_scores": 0
    },
    {
        "input": {
            "str1": "ZVYJXGTMFUBY",
            "str2": "INZX"
        },
        "target_scores": 2
    },
    {
        "input": {
            "str1": "VXFWRWGXMIZOWMPYA",
            "str2": "SHMILK"
        },
        "target_scores": 2
    },
    {
        "input": {
            "str1": "XPCND",
            "str2": "YRHJIHJWZSFPFDPYJFHIDRNYTGYXRPH"
        },
        "target_scores": 2
    },
    {
        "input": {
            "str1": "XQBXINY",
            "str2": "JOVTVZGC"
        },
        "target_scores": 0
    },
    {
        "input": {
            "str1": "DVZOZWRFLI",
            "str2": "ZLKUY"
        },
        "target_scores": 2
    },
    {
        "input": {
            "str1": "QVQEZRVXSDLKYKIV",
            "str2": "EAXQN"
        },
        "target_scores": 2
    },
    {
        "input": {
            "str1": "LHVI",
            "str2": "YLEICEDRYHKRVI"
        },
        "target_scores": 4
    },
    {
        "input": {
            "str1": "HWDZPVGBCY",
            "str2": "YFVWHCISVYEJ"
        },
        "target_scores": 3
    },
    {
        "input": {
            "str1": "YIRLIGMQIQXF",
            "str2": "UKMXUQZ"
        },
        "target_scores": 2
    },
    {
        "input": {
            "str1": "JOXUHBGGJRKWUUORDSBLUI",
            "str2": "POSOT"
        },
        "target_scores": 2
    },
    {
        "input": {
            "str1": "NZZCHPSLUGVYUB",
            "str2": "JWQQE"
        },
        "target_scores": 0
    },
    {
        "input": {
            "str1": "XXZFU",
            "str2": "OLMPSDPPXHXNMWSYBMLWRVFLPLZX"
        },
        "target_scores": 3
    },
    {
        "input": {
            "str1": "RUCHJVXRCDWQIGFZ",
            "str2": "ZCRRUDZ"
        },
        "target_scores": 4
    },
    {
        "input": {
            "str1": "NNZQZFXRV",
            "str2": "FPKXQOTMVUDOEGQLMN"
        },
        "target_scores": 3
    },
    {
        "input": {
            "str1": "LVONUUYHXEXMCPXHOQZRRDVUREX",
            "str2": "ICXVK"
        },
        "target_scores": 3
    },
    {
        "input": {
            "str1": "ITXUIZOZTYOLSYKYRMSCH",
            "str2": "OTTCHSXTNRUXLC"
        },
        "target_scores": 5
    },
    {
        "input": {
            "str1": "MXZPDNZGKNCHXHQZB",
            "str2": "LVUEVF"
        },
        "target_scores": 0
    },
    {
        "input": {
            "str1": "QKDODWC",
            "str2": "UZINGZMHWVSQMERWRZDXZVELQLPCYN"
        },
        "target_scores": 3
    },
    {
        "input": {
            "str1": "RIGYJMZMX",
            "str2": "QKLTF"
        },
        "target_scores": 0
    },
    {
        "input": {
            "str1": "YLHZPBRLZUSIVHEWCHS",
            "str2": "MKQRJHCP"
        },
        "target_scores": 3
    },
    {
        "input": {
            "str1": "YVYGWWALSE",
            "str2": "PZHGMZSZYECO"
        },
        "target_scores": 3
    },
    {
        "input": {
            "str1": "TSNAYOXXZO",
            "str2": "LUUWUWVJM"
        },
        "target_scores": 0
    },
    {
        "input": {
            "str1": "KNLJIOWLEFVVAREENPEVIDYGONF",
            "str2": "YERJXQD"
        },
        "target_scores": 3
    },
    {
        "input": {
            "str1": "EFIFNFBDWSQYZUFHRSFC",
            "str2": "UGQUFTSWJZOL"
        },
        "target_scores": 4
    },
    {
        "input": {
            "str1": "ABYLJRT",
            "str2": "TKJOCDSYJWXOTHGISVKWUJOJJ"
        },
        "target_scores": 3
    },
    {
        "input": {
            "str1": "VMPYNKSQQQU",
            "str2": "SQRMKFEEUZZ"
        },
        "target_scores": 3
    },
    {
        "input": {
            "str1": "XWKYMZIWJMTKFXKVPYJ",
            "str2": "ICILSHABFIJIUM"
        },
        "target_scores": 3
    },
    {
        "input": {
            "str1": "YOXIYUSXEHWKE",
            "str2": "UTDHLWNHZYPJM"
        },
        "target_scores": 3
    },
    {
        "input": {
            "str1": "NINVSYEORWTZMNMHZPSGOHQYFZZXVHN",
            "str2": "MRKWQQELKYEFIYE"
        },
        "target_scores": 5
    },
    {
        "input": {
            "str1": "XIKRJEWHHTPCNP",
            "str2": "QWXMUTSYWJMWII"
        },
        "target_scores": 3
    },
    {
        "input": {
            "str1": "TKWWYOMXFKXRP",
            "str2": "XYFSHUMPSLJOWZXYFXFI"
        },
        "target_scores": 5
    },
    {
        "input": {
            "str1": "GFPGDVKSHNLLTDYT",
            "str2": "JQEFTZNXLRZZOIOSEIXPKWH"
        },
        "target_scores": 4
    },
    {
        "input": {
            "str1": "IIROYWUVFF",
            "str2": "HGWRYVWQLNIOLZNUKMGRMCMPG"
        },
        "target_scores": 4
    },
    {
        "input": {
            "str1": "FKQQVZLGSZEZPJDRMH",
            "str2": "ZLOVZIINETF"
        },
        "target_scores": 4
    },
    {
        "input": {
            "str1": "NPNLSWTRZJPEHVNCKGGL",
            "str2": "QPPDJXHXTGW"
        },
        "target_scores": 4
    },
    {
        "input": {
            "str1": "OEJQXZRG",
            "str2": "OXHDBVIWHZWTMJRLJWKGQVPHRJQGTW"
        },
        "target_scores": 5
    },
    {
        "input": {
            "str1": "FFSQGYM",
            "str2": "ZZDSKXSFGSPJYTSXFLGGEDMUDQWF"
        },
        "target_scores": 4
    },
    {
        "input": {
            "str1": "ZNCTYDWWPPNMJ",
            "str2": "RDSHGYQZZUCHSZRTQQMWSSDEEIE"
        },
        "target_scores": 4
    },
    {
        "input": {
            "str1": "UZJVWREHWRUUHNOEHQNGPTYLJ",
            "str2": "DRMNHEHV"
        },
        "target_scores": 4
    },
    {
        "input": {
            "str1": "ZPTLTKTFSZWNXZKYHNFTQ",
            "str2": "EYZZEXNJGLZYOUM"
        },
        "target_scores": 5
    },
    {
        "input": {
            "str1": "DPZZJSOBYWRZMOOUD",
            "str2": "ZDQYCWYHHXKQHHXHVQZWSVPV"
        },
        "target_scores": 4
    },
    {
        "input": {
            "str1": "EYUNMJZMDORKMNVDNMUVG",
            "str2": "PZYWJYLWYVQZJDFKXEQE"
        },
        "target_scores": 5
    },
    {
        "input": {
            "str1": "CYBQXSZKDXHYXNYTDXMKPCGUEZKZR",
            "str2": "LTMYMCGO"
        },
        "target_scores": 4
    },
    {
        "input": {
            "str1": "IGYKQCYZGMBYOUSGR",
            "str2": "LPLODXDUCHXXQTKDGNYEKNLY"
        },
        "target_scores": 4
    },
    {
        "input": {
            "str1": "QYIJZZU",
            "str2": "YOPTQRFGJGNNOYUQTAIPUPZPFE"
        },
        "target_scores": 4
    },
    {
        "input": {
            "str1": "IVXSZRGNLFLQLXDBTFXGKVZSSME",
            "str2": "PURPNBNUZTUYZDHZY"
        },
        "target_scores": 5
    },
    {
        "input": {
            "str1": "WNWNSNZXZOT",
            "str2": "RIKOKJWQHOOMIIWXZOIMRQO"
        },
        "target_scores": 5
    },
    {
        "input": {
            "str1": "MYDXXJIXXTPRGLYQOWY",
            "str2": "PFZTIMISXZZPUHFPHBPOIG"
        },
        "target_scores": 5
    },
    {
        "input": {
            "str1": "RKWJXTVBZTYEZESCVKBZYKWN",
            "str2": "ZUKKPVEDGYHHVYFIT"
        },
        "target_scores": 5
    },
    {
        "input": {
            "str1": "KFNLSZIUXGQYWKJSQMNVWOMGDODMKW",
            "str2": "MEHNLLXJWUZOX"
        },
        "target_scores": 6
    },
    {
        "input": {
            "str1": "NYLXEBTOEWKYTL",
            "str2": "LEWGHYVVTXFDXTJ"
        },
        "target_scores": 5
    },
    {
        "input": {
            "str1": "YPICQRIWXJEAXRDNENYJN",
            "str2": "YYXZPFNQXGLJEYXVU"
        },
        "target_scores": 7
    },
    {
        "input": {
            "str1": "PYIIYBZMEVZNXVOYHPI",
            "str2": "PEUZJEHVLSJNE"
        },
        "target_scores": 5
    },
    {
        "input": {
            "str1": "WWGVKEZWHYCQZHWZRC",
            "str2": "GFYCPEGZREZBZXLJOGGBHDV"
        },
        "target_scores": 5
    },
    {
        "input": {
            "str1": "XZLWOFYEWUHKLOWBKXTZ",
            "str2": "EYCRNZLYFUZKSJLHMOHRN"
        },
        "target_scores": 7
    },
    {
        "input": {
            "str1": "VSGAGMMYAKCZXUYPDQNDXQ",
            "str2": "VSTFTKZZEWUERCLGKEWZSTHC"
        },
        "target_scores": 5
    },
    {
        "input": {
            "str1": "OINKZIQGQMOEZGW",
            "str2": "HUTIGOZW"
        },
        "target_scores": 5
    },
    {
        "input": {
            "str1": "PLXGGGMYQLDDYRDJUMTYSR",
            "str2": "LKPRSVDCVGRWTWVXQBOXYTRR"
        },
        "target_scores": 6
    },
    {
        "input": {
            "str1": "RZILEOWKZVVDWJXYKGFJZUWBKEZRT",
            "str2": "HJCHZDOGTJXNPVMQUZMOVNTZXE"
        },
        "target_scores": 7
    },
    {
        "input": {
            "str1": "FEOZOYTLINVZHJTWDFYMJGVOGIVPYN",
            "str2": "TZZKQJRFIZDKMPYYQUE"
        },
        "target_scores": 7
    },
    {
        "input": {
            "str1": "URMBXQMSYJXXQHQCUPL",
            "str2": "MWVJKDOGHQXSDPMLUFN"
        },
        "target_scores": 6
    },
    {
        "input": {
            "str1": "HFWWWHMGZQTWIAJZNIFVQOWLDRV",
            "str2": "PXCNZZYHYZUYLPPQSYWIHYRBTH"
        },
        "target_scores": 6
    },
    {
        "input": {
            "str1": "GLLYSHITFYBVGGVCZSSVNWNSPTZ",
            "str2": "IEFZZEWVYGSSTDGYXGPOYYPLKWAXZ"
        },
        "target_scores": 8
    },
    {
        "input": {
            "str1": "XONHFEQJRRYWCQCVPZXWULNGKHYBV",
            "str2": "EMKXFVGGVJDGXDYPXTV"
        },
        "target_scores": 7
    },
    {
        "input": {
            "str1": "GRDLCFZOJUYZFJJCAGFGTWYD",
            "str2": "VGJZUQAXVSEHZZRFXPWXNJWYLJ"
        },
        "target_scores": 8
    },
    {
        "input": {
            "str1": "XEHPIYSMNYXXKUFZZSCYWJTSKMBZ",
            "str2": "YXMKUTOTMZTSFTS"
        },
        "target_scores": 8
    },
    {
        "input": {
            "str1": "SQWTOKWEJFPIIVQRTQRLNFXZ",
            "str2": "TWKJGKTXGXVDPPNPLRNHITLIU"
        },
        "target_scores": 7
    },
    {
        "input": {
            "str1": "HZDEEJEOQEXZHOCTZKX",
            "str2": "ORVNWZHTXEJHEDZNHZXTQGPX"
        },
        "target_scores": 8
    },
    {
        "input": {
            "str1": "XHXTEEPRFMJZONNZPQ",
            "str2": "ZDTETWDLGYNQYZCNUHOWYUXGLMJZQSN"
        },
        "target_scores": 6
    },
    {
        "input": {
            "str1": "PBHTURXNTZQQJGKGXJPBJYKRSLUKHPI",
            "str2": "RXYFLQYUYKOXHODJNUSMZIZT"
        },
        "target_scores": 8
    },
    {
        "input": {
            "str1": "GRIVYINDYQSMY",
            "str2": "MIOIEYNEXKZNGPZFWKOWUYKUZUUMYQ"
        },
        "target_scores": 6
    },
    {
        "input": {
            "str1": "QFVMYWPEZNLQFVFYYKJRKIZMVOYUZ",
            "str2": "IZXGCSNPVQFYRQGZVCNS"
        },
        "target_scores": 8
    },
    {
        "input": {
            "str1": "MTRDBBSYIEXCUEZEVEMZ",
            "str2": "TRITDJSXEKWMFZZFTPKOXTDFJQ"
        },
        "target_scores": 8
    },
    {
        "input": {
            "str1": "PRDXIOSYXZTHFPVKQUFWCWUKZTRBTW",
            "str2": "ZOGBKZIBIKEJIHKEZPGXZYCRHOJTDL"
        },
        "target_scores": 7
    },
    {
        "input": {
            "str1": "NCTYFFREPVMOGMKCYBWHEHU",
            "str2": "JUDHPMVRJMWRYKZECBCXOCSLHZLOB"
        },
        "target_scores": 7
    },
    {
        "input": {
            "str1": "QKSODKQZAIFLWTUGST",
            "str2": "EPRNHZOGOQRKYTJFUKZTFAQTPRZKI"
        },
        "target_scores": 6
    },
    {
        "input": {
            "str1": "OOSZDZGTKKFXPBAPKLQGWZAJSMJZDUF",
            "str2": "IZOFUYXDYDQMUSYL"
        },
        "target_scores": 6
    },
    {
        "input": {
            "str1": "MUMULXOYICXYOKYTBKNNVRQWZTRLNP",
            "str2": "ZOZHWEIZYEKKMHMJEVOOIY"
        },
        "target_scores": 6
    },
    {
        "input": {
            "str1": "EGZEJEJZFTSMYTNGPJXDUVTUHSQDKL",
            "str2": "XJYPLJEBUSOL"
        },
        "target_scores": 7
    },
    {
        "input": {
            "str1": "MJROGQASUVRFC",
            "str2": "OROOJZJQDSRHYPOCGNYI"
        },
        "target_scores": 6
    },
    {
        "input": {
            "str1": "NJEGNHGCYUXJHNPNPYYXYN",
            "str2": "TWHZRSTZJHPUWNKZDPGJVOOIXZ"
        },
        "target_scores": 7
    },
    {
        "input": {
            "str1": "LHQBRHRVOQFQJPRKQZGPTSZNMNY",
            "str2": "GSYSVWIFYTGLYFKVVQIDVTBKXVASV"
        },
        "target_scores": 6
    },
    {
        "input": {
            "str1": "DCQFPWLGPNXLNAFLWTDQJEJRT",
            "str2": "QNEYGNFXFRMAVKZOFRUCMCIUZISOZD"
        },
        "target_scores": 7
    },
    {
        "input": {
            "str1": "EZHQGOBLJFVWUXFZHGFEYDNFZ",
            "str2": "ZOTHZWIXWOSLOSGZIOQYYTNEYSH"
        },
        "target_scores": 7
    },
    {
        "input": {
            "str1": "KBIJWPKSWZHRRQJZJERSUWUYXLK",
            "str2": "MVMWQKDXWTCZIWDNCJOHPTJ"
        },
        "target_scores": 6
    },
    {
        "input": {
            "str1": "YZWQXKLMZNJPLUTZTWROJTDPVWUUF",
            "str2": "EDYHNITGHEWMQZOZYSIYUOONKDZXZ"
        },
        "target_scores": 7
    },
    {
        "input": {
            "str1": "YLVTLWILWWSSSZFCHYVQZILGCJZYYYK",
            "str2": "ZSJLUIQMXTUTYWIWGHY"
        },
        "target_scores": 7
    },
    {
        "input": {
            "str1": "HXTWGTSGCRNKIYRXPZWHXIFHN",
            "str2": "TSMXQQLWWYUISLPOTFXZEUKZI"
        },
        "target_scores": 6
    },
    {
        "input": {
            "str1": "PLTTEEUMJYKHTURYYIKOQJF",
            "str2": "RMOBRLTZPWNFYOUTIKI"
        },
        "target_scores": 6
    },
    {
        "input": {
            "str1": "ZXKGZOPVWLPVLDUCZZ",
            "str2": "OWNQYSXWZLOLHZWVYETTYSJPFALZSNV"
        },
        "target_scores": 7
    },
    {
        "input": {
            "str1": "SWXZLPSOXFZJWGURDDNDMPXO",
            "str2": "LNUSRLCGQUOXZGOQRTWBTRPX"
        },
        "target_scores": 9
    },
    {
        "input": {
            "str1": "UNRUHCXUQVOOSQZGNLRBTJKSUHLPKX",
            "str2": "ZKXFVQVZMOPLPXUYJFJVDZKUHZ"
        },
        "target_scores": 9
    },
    {
        "input": {
            "str1": "LBWFXSOYHWFOOSSOTOCENPX",
            "str2": "IPMJOTSXWIWYHIPXVFTHEJLRYFDHJ"
        },
        "target_scores": 6
    },
    {
        "input": {
            "str1": "BAPWHZFHOWJVSYNJHMLHGNFYZCFTZLK",
            "str2": "TBEZFFZNUZZLVZLZVOJZHYZP"
        },
        "target_scores": 8
    },
    {
        "input": {
            "str1": "RKGMRSMRZDGSWECKZVDHORCBX",
            "str2": "FURZURVWSYYMKCZMVTFXGBELQQQI"
        },
        "target_scores": 8
    },
    {
        "input": {
            "str1": "QZWMQFSRWUNEPMGSYYRQPXS",
            "str2": "YIWWUHZNMMTRYVWXEFKZXMHTOGSN"
        },
        "target_scores": 8
    },
    {
        "input": {
            "str1": "JLYFGZJNJELZUYHKUEZDMKLOMSHWO",
            "str2": "ZEEKMTLUOILCPSBPTGCZQKWYEXFTY"
        },
        "target_scores": 8
    },
    {
        "input": {
            "str1": "HFFGFDREFPILPUKIKRIMVJLYWXWS",
            "str2": "PIVNOAVLWETXZWUXQODNDZKHSX"
        },
        "target_scores": 8
    },
    {
        "input": {
            "str1": "YGUXSFWYXZYUHTBARGRYKEBVWUWO",
            "str2": "YTLESFGIZCHYTGPZUNQNTMQRQNJWX"
        },
        "target_scores": 9
    },
    {
        "input": {
            "str1": "EFUXRYMBSHZNDNYLOGZJPWUKRWJPKQJ",
            "str2": "PEMVAZQQTNWNHKPYYIVZQCVFL"
        },
        "target_scores": 8
    },
    {
        "input": {
            "str1": "WYWHIHPYIBZBJEPNILENOONLZIP",
            "str2": "LYGRYBOYWSCKPUSOZHFSALTXBBHJOMN"
        },
        "target_scores": 8
    },
    {
        "input": {
            "str1": "CLMIFZZCCJEUVYZJZQRYYDBZSEXG",
            "str2": "FOYJWOMHZJIWKDZNJZMYTZUVYJKTGI"
        },
        "target_scores": 9
    },
    {
        "input": {
            "str1": "PRSWSYWYTBYWEQSEZVGRGGRWREUQMY",
            "str2": "OYWYQLEFMTRQDOGM"
        },
        "target_scores": 8
    },
    {
        "input": {
            "str1": "QKJGFKSZGWTYELUEYEXOLVNHKOG",
            "str2": "KUHWTZMPEIXGIFTRQFAYNXZUXXOHAA"
        },
        "target_scores": 9
    },
    {
        "input": {
            "str1": "JWRDKEHQKMXZXGZKXOXUTZZQQJTG",
            "str2": "UGDXNTHLHYHOFPPKXWZKOOTBTXHTMXL"
        },
        "target_scores": 9
    },
    {
        "input": {
            "str1": "UZPHLVU",
            "str2": "FERYQ"
        },
        "target_scores": 0
    },
    {
        "input": {
            "str1": "WOYQW",
            "str2": "IGMUIGHJK"
        },
        "target_scores": 0
    },
    {
        "input": {
            "str1": "XLDYN",
            "str2": "RBHS"
        },
        "target_scores": 0
    },
    {
        "input": {
            "str1": "UMXESHXXGU",
            "str2": "YRZJWZZ"
        },
        "target_scores": 0
    },
    {
        "input": {
            "str1": "BFVXQZNFPHZLEQYNPFZLMZSOPZLTJPL",
            "str2": "RDPVBWRPULYNFHSXYHSZRASCJ"
        },
        "target_scores": 9
    },
    {
        "input": {
            "str1": "CZMHLJLIBHRJYBNUNYNXQTZEZEOYZR",
            "str2": "CFSGZIYKRZKUZKJOYKGKUTUXGYE"
        },
        "target_scores": 9
    },
    {
        "input": {
            "str1": "OKJWOXIFSOVDWQLTOKKQMDKLQLVUPW",
            "str2": "SFXINWYOWLNIXJQIMIDPMJSN"
        },
        "target_scores": 9
    },
    {
        "input": {
            "str1": "SJHFHHTZFWUYIOSHXHWMPXOEKOG",
            "str2": "HQHWSZONEMXEHFRQRIEWJXYVVYMEAC"
        },
        "target_scores": 9
    },
    {
        "input": {
            "str1": "VKSWKHFSYJOUNIJUMJZOQXICUUNSGZZ",
            "str2": "DNFSYXKGZCIQPFRZPPXIYETDJCLZXX"
        },
        "target_scores": 9
    },
    {
        "input": {
            "str1": "YYVQIONTMYOUINPBELOOIKLYZXVXFME",
            "str2": "FYLHJQXUHPMOTNCCVTSGUKOZMZ"
        },
        "target_scores": 9
    },
    {
        "input": {
            "str1": "YYKFZXOJUOFGXUWEXWVORHYZPKZLD",
            "str2": "NINRKRNZFOERKVYTZYXMMKKJSZKFWQT"
        },
        "target_scores": 9
    },
    {
        "input": {
            "str1": "YHMAXPNIZZHGNICZRVVWDPGYQGEPUY",
            "str2": "JOYEPQMSZHYYIZXJYDVXWNG"
        },
        "target_scores": 9
    },
    {
        "input": {
            "str1": "RXWQEXYKFFVGTWRGNOYHRCKVXZYZD",
            "str2": "WYJZZSZVGSQAOUHXAKZPCDP"
        },
        "target_scores": 9
    }
]