[
    {
        "question": "A teacher is grading student assignments for the past semester. As she reviews the data, she realizes she tends to give higher grades to students who often participate during class. However, she also notices that she's significantly more likely to lower the grades of quiet, introverted students, particularly males. When faced with this observation, the teacher truthfully admits that she wasn't aware of this bias and it must have been accidental. Unbeknownst to her, this tendency can be linked to her struggles with her introverted younger brother during her childhood. Which psychological theory would directly address this unconscious bias in her behavior?",
        "A": "Humanistic",
        "B": "Psychoanalytic",
        "C": "Cognitive behavioral",
        "D": "Behaviorist",
        "answer": "B"
    },
    {
        "question": "Who established the world record for the marathon race in 2003?",
        "A": "Mo Farah",
        "B": "Paula Radcliffe",
        "C": "Usain Bolt",
        "D": "Eliud Kipchoge",
        "answer": "B"
    },
    {
        "question": "Which of the following systems are largely driven by physical stimulus? I. Visual system II. Olfactory system III. Auditory system",
        "A": "I only",
        "B": "III only",
        "C": "I and III only",
        "D": "II only",
        "answer": "C"
    },
    {
        "question": "After an intense workout, the total replenishment of glycogen stores generally takes:",
        "A": "about 1 hour.",
        "B": "about 10 minutes.",
        "C": "about 4 hours.",
        "D": "about 24 hours.",
        "answer": "D"
    },
    {
        "question": "How are fatty acids transported into the mitochondria?",
        "A": "Bound to acetyl-CoA.",
        "B": "Bound to thiokinase.",
        "C": "Bound to carnitine.",
        "D": "Bound to coenzyme A (CoA).",
        "answer": "C"
    },
    {
        "question": "Organophosphates like Soman irreversibly bind to the active site of Butyrylcholinesterase (BChE) in the synapses of neurons. When Soman binds to BChE, the enzyme is permanently deactivated. This makes Soman a dangerous neurotoxin, with lethal doses less than 50 mg. How would you best describe the interaction between Soman and BChE?",
        "A": "Noncompetitive inhibition",
        "B": "Mixed inhibition",
        "C": "Competitive inhibition",
        "D": "Irreversible inhibition",
        "answer": "D"
    },
    {
        "question": "Which molecules are essential during the process of protein synthesis?",
        "A": "Enzymes, DNA and mRNA.",
        "B": "DNA, RNA and nucleotides.",
        "C": "DNA, RNA and proteins.",
        "D": "mRNA, tRNA and ribosomes.",
        "answer": "D"
    },
    {
        "question": "Anabolic steroids, used to increase muscle mass and strength, are synthetic substances related to which hormone?",
        "A": "Insulin.",
        "B": "Estrogen.",
        "C": "Serotonin.",
        "D": "Testosterone.",
        "answer": "D"
    },
    {
        "question": "Sulfuric acid (H2SO4) is known as a potent strong acid. Which of the following characteristics is most closely associated with strong acids?",
        "A": "Their conjugate bases are relatively stable",
        "B": "They have a pH above 7",
        "C": "They do not dissociate in water",
        "D": "Their Ka value is less than 1",
        "answer": "A"
    },
    {
        "question": "A sufficient quantity of 2-chloropentane is added into a potent solution of methanol and the reaction is allowed to occur. The end product of this reaction yields a major product of 2-pentene and a minor product of 1-pentene. Which of the following explanations for the initial compound accounts for 2-pentene being the predominant product?",
        "A": "Zaitsev's rule favors the formation of the more substituted alkene as the major product",
        "B": "Carbon 3 contains fewer hydrogen atoms",
        "C": "Methanol prefers the second carbon in any chain",
        "D": "1-pentene rearranges to 2-pentene in the solution",
        "answer": "A"
    },
    {
        "question": "A rebellious adolescent with loose principles, in one evening, consecutively i) takes drugs with his friends, ii) spits on the sidewalk, iii) steals a vehicle from the parking lot, and iv) creates graffiti on the walls of a historical monument. The adolescent has offended society's standards consecutively (to the highest extent) on the order of:",
        "A": "taboo, folkways, the law, and taboo",
        "B": "taboo, folkways, the law, and mores",
        "C": "the law, folkways, the law, and the law",
        "D": "mores, folkways, the law, and mores",
        "answer": "C"
    },
    {
        "question": "The optimal performance in a marathon:",
        "A": "is affected by the temperature of the day.",
        "B": "remains unchanged regardless of weather conditions.",
        "C": "is promoted by a low carbohydrate diet.",
        "D": "is independent of hydration levels.",
        "answer": "A"
    },
    {
        "question": "A patient arrives at the clinic appearing very restless. They are showing signs of aggression, and insisting they need medicine or 'everything will go wrong'. What is likely going on with this patient’s dopamine system?",
        "A": "Cell death has occurred in the regions with high dopamine cells.",
        "B": "The number of dopamine receptors on the post-synaptic membrane has reduced.",
        "C": "Dopamine brain areas are exhibiting seizure-like activity.",
        "D": "Decreased dopamine is present in the synaptic cleft.",
        "answer": "B"
    },
    {
        "question": "A researcher conducting studies on advanced vision spectacles fits 50 rabbits that were genetically modified to lose their vision with the cutting-edge technology and were trained to hop towards a light when they saw it. This was set to different levels of brightness. At 90% brightness, 35 rabbits hopped towards the light. At 80% brightness, 25 rabbits hopped towards the light. At 70% brightness, 15 rabbits hopped towards the light. Which of the following brightness levels corresponds to the absolute threshold for seeing the light produced by the light source?",
        "A": "Not enough information given.",
        "B": "70%",
        "C": "90%",
        "D": "80%",
        "answer": "B"
    },
    {
        "question": "Where does the process of converting DNA into messenger RNA take place?",
        "A": "Within the cell nucleus.",
        "B": "Inside the Golgi apparatus.",
        "C": "Only during mitosis.",
        "D": "Within the mitochondria.",
        "answer": "A"
    },
    {
        "question": "A recently discovered enzyme in a genetically modified rat is involved in the creation of an unidentified compound using two substrates. Through the use of radiolabeled compounds, it is discovered that the enzyme catalyzes a process that exchanges a phosphate group from one substrate to the other. Which category would this new enzyme likely belong to?",
        "A": "Transferase",
        "B": "Oxidoreductase",
        "C": "Isomerase",
        "D": "Ligase",
        "answer": "A"
    },
    {
        "question": "In the case of a highly diluted acid, the pKa of the solution would probably be:",
        "A": "Higher than the pH",
        "B": "Around 7 at 25ºC",
        "C": "Equal to the pH",
        "D": "Lower than the pH",
        "answer": "A"
    },
    {
        "question": "What does the term 'genotype' refer to?",
        "A": "The proteins that a gene codes for.",
        "B": "The physical structure of a gene.",
        "C": "The visible traits of an organism.",
        "D": "The complete set of genes in an organism's genome.",
        "answer": "D"
    },
    {
        "question": "Which of the following are examples of nucleic acids? I. DNA II. Triglycerides III. RNA IV. Testosterone",
        "A": "I, III, and IV",
        "B": "I and III",
        "C": "I, II, and III",
        "D": "I only",
        "answer": "B"
    },
    {
        "question": "The majority of free fatty acids in the bloodstream are carried:",
        "A": "attached to albumin.",
        "B": "as glycogen.",
        "C": "linked with amino acids.",
        "D": "within white blood cells.",
        "answer": "A"
    },
    {
        "question": "What factors can potentially influence the rate of a chemical reaction?",
        "A": "All of the above.",
        "B": "Temperature.",
        "C": "Presence of a catalyst.",
        "D": "Concentration of reactants.",
        "answer": "A"
    },
    {
        "question": "Although cells need regular contact with their external surroundings to obtain essential resources and excrete waste, certain mechanisms use only the concentration gradient to manage the flow of substance across the cell membrane. Which of these processes relies solely on the substance's gradient for control?",
        "A": "Endocytosis",
        "B": "Diffusion",
        "C": "Exocytosis",
        "D": "Primary Active Transport",
        "answer": "B"
    },
    {
        "question": "The inner mitochondrial membrane contains:",
        "A": "lipid bilayers.",
        "B": "protein molecules.",
        "C": "components of the oxidative phosphorylation system.",
        "D": "cellulose.",
        "answer": "C"
    },
    {
        "question": "A DNA strand of a lab rat is identified as 5' - ATCGCATCGGA - 3'. Which of the following DNA strands would be the outcome of this original DNA strand experiencing both a point mutation and a deletion?",
        "A": "5' - ATCGTATCGGA - 3'",
        "B": "5' - ATCGCTCGGA - 3'",
        "C": "5' - ATCGCATCGA - 3'",
        "D": "5' - AGCCATCGGA - 3'",
        "answer": "D"
    },
    {
        "question": "During filming a sci-fi movie scene, a sound engineer is tasked with adjusting the frequency of a spaceship engine sound to match the typical speed of sound. The spaceship was a prop traveling at a speed of 200 km/h, and the sound was recorded by a microphone on a hovering drone 300 meters away moving at a speed of 120 km/h in the same direction. If the normal frequency of the spaceship engine sound is 1200Hz, what is the perceived frequency which the microphone on the drone picks up the sound at?",
        "A": "1148 Hz",
        "B": "1133 Hz",
        "C": "1323 Hz",
        "D": "1366 Hz",
        "answer": "B"
    },
    {
        "question": "An object is placed on an inclined plane with a certain angle, θ, a gravitational acceleration, g, and a frictional coefficient µ between the object and the plane. How can the acceleration of the object be calculated?",
        "A": "a = g cos θ",
        "B": "a = g (sin θ - µ cos θ)",
        "C": "a = g (cos θ - µ sin θ)",
        "D": "a = g (sin θ - cos θ)",
        "answer": "B"
    },
    {
        "question": "Sophie is an internationally acclaimed violinist who just got a scholarship to an esteemed conservatory to play in their symphony. During the winter break, she is provided with a bundle of scores to master by the spring term. Sophie is obsessive about her skills. She persistently contrasts herself with superior performers, and is exceedingly stern with herself when she fails to execute a part of her compositions flawlessly. Which of the following answers best describes Sophie?",
        "A": "High self-esteem, high self-efficacy, internal locus of control",
        "B": "Low self-esteem, high self-efficacy, internal locus of control",
        "C": "Low self-esteem, high self-efficacy, external locus of control",
        "D": "Low self-esteem, low self-efficacy, internal locus of control",
        "answer": "B"
    },
    {
        "question": "One of the common genetic disorders in humans is cystic fibrosis, which results in the accumulation of sticky mucus in the lungs. If a patient is diagnosed with this disease, which of the following statements is correct?",
        "A": "The level of oxygen in the lungs would be lower.",
        "B": "The amount of oxygen in the blood would be higher.",
        "C": "The concentration of CO2 in the lungs would be lower.",
        "D": "The amount of oxygen in the blood would be lower.",
        "answer": "D"
    },
    {
        "question": "While preparing for the GRE exam, a student starts learning about combinatorial mathematics. She grasps the basic principles by actively associating them with previously understood concepts from probability and statistics. She then progresses from that foundation to grasp the more complex topics needed. The student's approach is best described as:",
        "A": "Serial position effect",
        "B": "Elaborative rehearsal",
        "C": "Levels-of-processing effect",
        "D": "Method of loci",
        "answer": "B"
    },
    {
        "question": "During a debate at a forum on natural selection, two researchers present their contrasting theories. The first researcher asserts that species evolved through gradual but consistent changes, passing on small but beneficial traits to the next generations. The second researcher, on the other hand, proposes that significant traits were absent for long periods, then suddenly appeared, and if advantageous, that species would quickly expand its demographic, in evolutionary terms. Which of the following statements would support the second researcher's argument?",
        "A": "A study showing a steady pattern in the appearance of each new species.",
        "B": "A study showing an animal species thriving due to skills acquired during their lifetime and passed on to their offspring.",
        "C": "A paleontology study that shows long intervals of little change followed by sudden periods of extensive evolution.",
        "D": "A study showing that athletes who practice regularly have genetically stronger offspring.",
        "answer": "C"
    },
    {
        "question": "A light source emits a wave from one medium with a particular speed, intensity, frequency and wavelength. When the wave leaves the first medium and enters a denser medium, all of the following properties alter EXCEPT:",
        "A": "wavelength",
        "B": "speed",
        "C": "frequency",
        "D": "intensity",
        "answer": "C"
    },
    {
        "question": "The energy status of a cell is best indicated by:",
        "A": "the balance between ATP, ADP, and AMP concentrations.",
        "B": "the proportion of the overall adenine nucleotide pool that is phosphorylated.",
        "C": "the function of the sodium-potassium pump.",
        "D": "the overall energy consumption of the cell.",
        "answer": "B"
    },
    {
        "question": "How does the body respond to a decrease in environmental temperature?",
        "A": "slowing heart rate",
        "B": "increasing shivering and heat production",
        "C": "decreasing respiration rate",
        "D": "increasing salt retention",
        "answer": "B"
    },
    {
        "question": "Which of the following substances provides the highest amount of energy when fully oxidized?",
        "A": "One gram of stearic acid",
        "B": "One gram of glycine",
        "C": "One gram of fructose",
        "D": "One gram of ethanol",
        "answer": "A"
    },
    {
        "question": "If an individual is born with a genetic condition causing him to have an increased amount of fetal hemoglobin in adulthood. Compared to a normal individual, this person would demonstrate:",
        "A": "drastically lowered oxygen absorption in the lungs.",
        "B": "enhanced oxygen attachment to hemoglobin in the body tissues.",
        "C": "similar characteristics as a normal adult.",
        "D": "no symptoms, as increased fetal hemoglobin would lead to death.",
        "answer": "B"
    },
    {
        "question": "The increasing performance levels in female athletes can primarily be attributed to:",
        "A": "females outpacing males in sports.",
        "B": "females becoming physically taller.",
        "C": "females beginning their sports training in infancy.",
        "D": "higher participation rates of females in athletic activities.",
        "answer": "D"
    },
    {
        "question": "In the process of muscle contraction, the sarcomeres shorten due to the interaction between myosin and actin. Besides the power stroke, which other muscle contraction process needs ATP?",
        "A": "Interaction between calcium and troponin",
        "B": "Binding of myosin and actin",
        "C": "Interaction between tropomyosin and troponin",
        "D": "Detachment of myosin from actin",
        "answer": "D"
    },
    {
        "question": "The function of myosin ATPase is:",
        "A": "enhanced when muscle pH falls below 6.9.",
        "B": "increased during muscle contraction to provide energy for cross-bridge cycling.",
        "C": "reduced after a period of strength training.",
        "D": "always higher in Type II fibres than Type I fibres.",
        "answer": "B"
    },
    {
        "question": "A football coach implements an incentive system for his team. After each game, if the team wins, the coach treats them to pizza. At the end of every month, if the team has won at least three games in a row, he organizes a pizza party at a popular pizzeria. After several months of this incentive system, he finds improved performance in games but the three wins in a row only increased slightly. Which of the following best explains the coach's observation?",
        "A": "The team's behavior change was stronger in response to a fixed-ratio schedule than it was to a continuous reinforcement schedule.",
        "B": "Variable ratio schedules create the strongest responses and behavior that is the least susceptible to extinction.",
        "C": "The team’s behavior change was stronger in response to a fixed-ratio schedule than it was to a variable-interval schedule.",
        "D": "The team had more intrinsic motivation to win games than to win three games consecutively.",
        "answer": "D"
    },
    {
        "question": "What is the total ATP production during Krebs cycle through substrate-level phosphorylation?",
        "A": "Two ATPs per turn.",
        "B": "One ATP per turn.",
        "C": "Three ATPs per turn.",
        "D": "Four ATPs per turn.",
        "answer": "B"
    },
    {
        "question": "In early pregnancy, home tests detect the presence of hCG, or human chorionic gonadotropin. What is the source of this hormone, and what critical role does it play?",
        "A": "Uterine lining, promotes implantation",
        "B": "Ovary, supports follicle development",
        "C": "Blastocyst, maintains the corpus luteum",
        "D": "Placenta, enhances nutrient transfer",
        "answer": "C"
    },
    {
        "question": "A daughter of a janitor earns a law degree and i) practices law in a reputable firm, ii) gets a promotion to a senior partner, and iii) transfers to another law firm in a different state for the same senior partner role. In sequence, this woman has undergone:",
        "A": "intragenerational mobility with respect to the daughter, upward mobility, upward mobility",
        "B": "intragenerational mobility with respect to the daughter, horizontal mobility, upward mobility",
        "C": "intergenerational mobility with respect to the mother, upward mobility, horizontal mobility",
        "D": "intergenerational mobility with respect to the mother, horizontal mobility, horizontal mobility",
        "answer": "C"
    },
    {
        "question": "RNA polymerase builds new RNA by attaching complementary nucleotides to a template strand from the original DNA. If a segment of the template strand had a ratio of 4:1 of C:G bases, what is the ratio of C:G in the newly formed complementary strand of RNA?",
        "A": "1:01",
        "B": "cannot be determined",
        "C": "1:04",
        "D": "4:01",
        "answer": "C"
    },
    {
        "question": "What are the number of NADH and FADH2 molecules produced during one complete cycle of the tricarboxylic acid cycle (Krebs' cycle)?",
        "A": "3NADH and 2FADH2",
        "B": "1NADH and 3FADH2",
        "C": "2NADH and 1FADH2",
        "D": "3NADH and 1FADH2",
        "answer": "D"
    },
    {
        "question": "A toddler is taken to a therapist for assessment of their family environment. The toddler is positioned in the center of the room, with the father on one side and the therapist on the other. The father then departs for a brief period and then comes back. Which of the following would be a troubling indicator during this assessment?",
        "A": "Dodging the father upon his reappearance.",
        "B": "Lessened curiosity when the father is not in the room.",
        "C": "Inspecting the room before the father departs.",
        "D": "Weeping and seeking comfort from the father upon his return.",
        "answer": "A"
    },
    {
        "question": "During a football match, a viewer asserts that 'all goalkeepers are cowards.' The viewer's standpoint represents an instance of:",
        "A": "ethnocentrism",
        "B": "discrimination",
        "C": "prejudice",
        "D": "collaboration theory",
        "answer": "C"
    },
    {
        "question": "Neonatal Respiratory Distress Syndrome (NRDS) is a significant problem that occurs in preterm infants due to insufficient production of surfactant. How does surfactant help in enhancing the oxygen diffusion across the alveoli?",
        "A": "It boosts the permeability of the surface",
        "B": "It expands blood vessels",
        "C": "It ensures the alveoli stay expanded",
        "D": "It accelerates cilia activity in the lungs",
        "answer": "C"
    },
    {
        "question": "Which of these is not classified as a carbohydrate?",
        "A": "Sucrose",
        "B": "Hemoglobin",
        "C": "Glucose",
        "D": "Fructose",
        "answer": "B"
    },
    {
        "question": "Roughly, how many kJ of energy are consumed if a runner's steady-rate oxygen consumption averages 4.0 l/min for 10 minutes of activity?",
        "A": "800 kJ",
        "B": "250 kJ",
        "C": "120 kJ",
        "D": "400 kJ",
        "answer": "A"
    },
    {
        "question": "The insufficient consumption of proteins in your diet:",
        "A": "has no effect on your brain function.",
        "B": "improves digestion.",
        "C": "may lead to muscle weakness and fatigue.",
        "D": "increases the risk of hair loss.",
        "answer": "C"
    },
    {
        "question": "Which of the following actions does not take place during post-translational modification of proteins?",
        "A": "Sulfation.",
        "B": "Addition of nucleotide sequences.",
        "C": "Ubiquitination.",
        "D": "Carboxylation.",
        "answer": "B"
    },
    {
        "question": "Which hormone facilitates the absorption of glucose and amino acids into the muscle cells?",
        "A": "Epinephrine",
        "B": "Insulin",
        "C": "Testosterone",
        "D": "Glucagon",
        "answer": "B"
    },
    {
        "question": "What happens to the ammonia generated when branched chain amino acids undergo deamination in adipose tissue?",
        "A": "It is converted into glutamate and glutamine and released from the adipose tissue.",
        "B": "It is changed into arginine and histidine and released from the adipose tissue.",
        "C": "It is transformed into aspartate and leucine and expelled from the adipose tissue.",
        "D": "It is converted into urea and excreted from the adipose tissue.",
        "answer": "A"
    },
    {
        "question": "A particular toxin functions by interacting with ATP synthase, the last enzyme involved in oxidative phosphorylation. What would likely happen if a high dose of this poison was administered to a human?",
        "A": "Cause death due to a surplus of NADH that cannot be converted back into NAD+.",
        "B": "Boost the cell's glucose metabolism as a compensatory mechanism to the disrupted ATP production.",
        "C": "Result in death due to the impossibility for the cell to produce ATP, thereby halting cellular respiration and causing cellular death.",
        "D": "Have no effect as the cell can switch to another process to circumvent the disrupted biochemical pathway.",
        "answer": "C"
    },
    {
        "question": "A client, after witnessing a harrowing event, begins to describe a sensation of separation from herself, stating, \"It was as though I was observing myself from an outsider's perspective. I was conscious of the situation unfolding but it felt as though I wasn't part of it.\" What is the client most likely experiencing?",
        "A": "Bipolar Disorder",
        "B": "Panic Disorder",
        "C": "Depersonalization Disorder",
        "D": "Post-Traumatic Stress Disorder",
        "answer": "C"
    },
    {
        "question": "Strength training enhances muscles' ability to:",
        "A": "produce lactic acid.",
        "B": "contract slower.",
        "C": "utilize protein and amino acids.",
        "D": "generate energy anaerobically.",
        "answer": "D"
    },
    {
        "question": "The rate of enzymatic reactions is influenced by:",
        "A": "the frequency of cell division.",
        "B": "the type of lipids in the cell membrane.",
        "C": "the enzymes produced as regulated by the genetic code.",
        "D": "the carbohydrate composition of the cell wall.",
        "answer": "C"
    },
    {
        "question": "For correctly figuring out the doppler effect in observed light wavelength, one must know the following variables: I. speed of light in vacuum II. Time of interaction between light source and observer III. distance between source and observer IV. wavelength of emitted light",
        "A": "I only",
        "B": "I and III",
        "C": "II and IV",
        "D": "IV only",
        "answer": "D"
    },
    {
        "question": "The primary characteristic in efficient long-distance swimming is:",
        "A": "explosive power.",
        "B": "flexibility.",
        "C": "stroke efficiency.",
        "D": "endurance.",
        "answer": "D"
    },
    {
        "question": "In which of these stages do cells in both mitosis and meiosis occur? I. Prophase II. Metaphase III. Anaphase",
        "A": "II and III only",
        "B": "I and II only",
        "C": "I, II, and III",
        "D": "I only",
        "answer": "C"
    },
    {
        "question": "If the average rate of oxygen consumption of a female athlete during a workout session is 1.5 l/min, then her rate of energy expenditure is approximately:",
        "A": "150 kJ/min.",
        "B": "30 kJ/min.",
        "C": "60 kJ/min.",
        "D": "300 kJ/min.",
        "answer": "B"
    },
    {
        "question": "In a DNA molecule, adenine always pairs with:",
        "A": "Guanine.",
        "B": "Thymine.",
        "C": "Cytosine.",
        "D": "Uracil.",
        "answer": "B"
    },
    {
        "question": "Jake is a high school student working with a counselor to build his confidence and self-belief. He has seen significant improvement in his ability to manage situations after 6 weeks of counseling. Which of the following would NOT be a tactic the counselor would suggest for him to improve his self-belief?",
        "A": "Shun challenges by avoiding activities he is not skilled at.",
        "B": "Ask for constructive criticism from peers.",
        "C": "Consistently practice the activities he wants to get better at.",
        "D": "Identify role models in his peer group who are proficient at activities he enjoys.",
        "answer": "A"
    },
    {
        "question": "The process of glycolysis during strenuous exercise is hindered by:",
        "A": "hypothermia.",
        "B": "a shortage of glucose.",
        "C": "an excess of oxygen.",
        "D": "a surplus of glucose.",
        "answer": "B"
    },
    {
        "question": "A thin layer chromatography is carried out on the reactants and products of a chemical reaction. It is observed that the Rf value of the products is significantly lower than that of the reactants. Which of the following reactions could this possibly be:",
        "A": "Addition reaction converting an alkyne to an alkene",
        "B": "Reduction reaction converting an aldehyde to an alcohol",
        "C": "Esterification reaction converting an alcohol to an ester",
        "D": "SN1 reaction converting an alkyl iodide to an alkyl bromide",
        "answer": "B"
    },
    {
        "question": "The process of breaking down glycogen into glucose is known as:",
        "A": "gluconeogenesis.",
        "B": "glycolysis.",
        "C": "glycogenesis.",
        "D": "glycogenolysis.",
        "answer": "D"
    },
    {
        "question": "At what point in time does sustained vigorous activity primarily switch to aerobic metabolism?",
        "A": "15 seconds",
        "B": "2 minutes",
        "C": "5 minutes",
        "D": "45 seconds",
        "answer": "B"
    },
    {
        "question": "What is the primary reason for the negative slope of the solid-liquid equilibrium line in water's phase diagram?",
        "A": "The lower density of H2O(s) than H2O(l) is a result of the crystalline structure that forms due to hydrogen bonds.",
        "B": "The solid form of H2O has a higher density than the liquid form, leading to the formation of liquid under conditions of high pressure.",
        "C": "The solid form of H2O has a lower density than the liquid form, leading to the formation of liquid under conditions of low pressure.",
        "D": "The higher density of H2O(s) compared to H2O(l) is due to the formation of hydrogen bonds between water molecules.",
        "answer": "A"
    },
    {
        "question": "Ca(OH)2 is gradually dissolved in 1L of 30 oC water until the solution reaches saturation. What happens when 20.0 mL of 0.2 M H2SO4 is introduced?",
        "A": "CaSO4 precipitates",
        "B": "Ca(OH)2 precipitates",
        "C": "[H2O] increases",
        "D": "Ksp for Ca(OH)2 increases",
        "answer": "A"
    },
    {
        "question": "Leber's hereditary optic neuropathy (LHON) is a rare condition that causes loss of central vision. LHON is a result of a mutation in mitochondrial DNA (mtDNA) that impacts the functioning of nerve cells in the eye. If a female with this condition and a normal male have children, what is the most accurate prediction for the phenotypic ratios of their offspring?",
        "A": "All males and no females will inherit the mutation",
        "B": "Half of males and half of females will inherit the mutation",
        "C": "One-fourth of the offspring will inherit the mutation",
        "D": "All of the offspring will inherit the mutation",
        "answer": "D"
    },
    {
        "question": "What exactly are Selective Estrogen Receptor Modulators (SERMs)?",
        "A": "Non-steroid drugs that act on estrogen receptors, antagonizing the effects of natural estrogen hormones in various tissues.",
        "B": "Steroid drugs that act on estrogen receptors, mimicking the effects of natural estrogen hormones.",
        "C": "Non-steroid drugs that act on estrogen receptors, mimicking or antagonizing the effects of natural estrogen hormones in various tissues.",
        "D": "Steroid drugs that act on estrogen receptors, inhibiting the effects of natural estrogen hormones.",
        "answer": "C"
    },
    {
        "question": "What does the arrival of an action potential at the neuromuscular junction trigger?",
        "A": "The release of potassium ions which depolarizes the muscle fibre.",
        "B": "The discharge of acetylcholine which crosses the neuromuscular junction.",
        "C": "The secretion of dopamine which enhances muscle metabolic activity.",
        "D": "The expulsion of calcium ions which start an action potential in the muscle fibre.",
        "answer": "B"
    },
    {
        "question": "All of the following are examples of sensory, or neural, adaptation EXCEPT:",
        "A": "After stepping into a quiet library, your ears adjust to the low level of noise.",
        "B": "After entering a bakery, you eventually become accustomed to the smell of fresh bread.",
        "C": "After spinning in a chair and stopping suddenly, you continue to feel like you're spinning.",
        "D": "After a few minutes of holding a cold drink, your hand no longer feels the chill.",
        "answer": "C"
    },
    {
        "question": "A neurologist is conducting a study on a batch of neurons in the amygdala using electrodes to monitor their membrane potential shifts. Initially, he notices a significant increase in membrane potential by 80mV during the first stimulation. But when he attempts another stimulation right after the first one, there is no noticeable change. When he decides to heighten the voltage of the second stimulation, he then notices a similar response to the first trial. What would you classify this second stimulation period in terms of membrane potential?",
        "A": "Depolarization",
        "B": "Hyperpolarization",
        "C": "Repolarization",
        "D": "Resting potential",
        "answer": "A"
    },
    {
        "question": "The complete breakdown of a molecule of glucose, C6H12O6, through glycolysis, the Krebs cycle, and oxidative phosphorylation:",
        "A": "Results in 2 molecules of pyruvate and a net gain of 2 ATP.",
        "B": "Does not involve oxygen.",
        "C": "Results in carbon dioxide and ethanol only.",
        "D": "Results in a net gain of approximately 36-38 molecules of ATP, carbon dioxide, and water.",
        "answer": "D"
    },
    {
        "question": "What could be the potential effect of this modification? ﻿ A DNA sequence that usually synthesizes an extracellular protein responsible for calcium transport into nerve cells is altered to produce a different sequence. The original sequence is as follows:   TCGACGTTACCGTACGTTACGTTACCGTACGTA…   The modified sequence is as follows:   TCGACGTTACCGTACGTAGCTTACCGTACGTA…",
        "A": "No protein will be produced",
        "B": "No alteration",
        "C": "Generation of an equivalent-sized but ineffective protein",
        "D": "Creation of a bigger, potentially ineffective protein",
        "answer": "D"
    },
    {
        "question": "What is the process known as Krebs cycle responsible for?",
        "A": "Converting pyruvate into glucose.",
        "B": "Converting pyruvate into acetyl CoA.",
        "C": "Converting pyruvate into lactate.",
        "D": "Converting glucose into pyruvate.",
        "answer": "B"
    },
    {
        "question": "A biologist conducts a study in which test subjects are given different kinds of fruits to eat. The subjects consist of a group of volunteers from the local community. The subjects are randomly split into groups and are given either apples or oranges to consume, and are provided with the fruit either once a day or twice a day, and are asked to record their energy levels and digestion rates. Which of the following are dependent variables in this study? I. The type of fruit the subjects were given. II. The frequency with which the subjects were given the fruit. III. The subjects' recorded energy levels and digestion rates. IV. The time of day the subjects were given the fruit.",
        "A": "II and IV only",
        "B": "III only",
        "C": "I only",
        "D": "I and II and IV only",
        "answer": "B"
    },
    {
        "question": "What is believed to contribute to the development of muscle exhaustion during high-intensity interval training?",
        "A": "An excess of vitamins.",
        "B": "A buildup of lactate.",
        "C": "An overload of proteins in the muscles.",
        "D": "A deficit of sodium.",
        "answer": "B"
    },
    {
        "question": "A muscle contracts when:",
        "A": "the actin binding sites are covered.",
        "B": "the actin binding sites are empty.",
        "C": "the nerve stimulus is withdrawn.",
        "D": "the nerve stimulus is initiated.",
        "answer": "D"
    },
    {
        "question": "The role of the Cytochrome c oxidase complex is:",
        "A": "to catalyze the reduction of oxygen to water.",
        "B": "to catalyze the oxidation of NADH to NAD+",
        "C": "to catalyze the phosphorylation of ADP to ATP.",
        "D": "to catalyze the conversion of glucose to fructose.",
        "answer": "A"
    },
    {
        "question": "When does the formation of Lactic acid occur?",
        "A": "When pyruvate is converted to lactate under anaerobic conditions.",
        "B": "When ATP synthesis occurs.",
        "C": "During the conversion of glycogen to glucose.",
        "D": "During the breakdown of phosphocreatine.",
        "answer": "A"
    },
    {
        "question": "What is the primary component of our genetic material?",
        "A": "Carbohydrates",
        "B": "Deoxyribonucleic acid",
        "C": "Proteins",
        "D": "Fatty acids",
        "answer": "B"
    },
    {
        "question": "A lawyer is in a coffee shop and loudly disputes with a barista over a minor mistake in his order. The lawyer, a middle-aged man, is livid and causes a scene because he was given regular coffee instead of decaf. He loudly exclaims that he pays too much for his coffee to be served inaccurately by an inexperienced staff. The barista explains that the shop is extremely busy and it was an honest mistake, but the lawyer retorts that his needs should take priority over other customers. What personality disorder is this lawyer likely exhibiting?",
        "A": "Narcissistic Personality Disorder",
        "B": "Schizotypal Personality Disorder",
        "C": "Dependent Personality Disorder",
        "D": "Borderline Personality Disorder",
        "answer": "A"
    },
    {
        "question": "According to Piaget's cognitive development theory, children progress through specific stages as they grow. In the Concrete Operational stage, children start understanding the concept of conservation. Which of the following examples best illustrates a child in the Concrete Operational stage?",
        "A": "An infant crying when their mother leaves the room.",
        "B": "A child understanding that the volume of water remains the same even when it is poured into a different shaped container.",
        "C": "A toddler repeatedly throwing a toy to observe the reaction.",
        "D": "A teenager solving algebraic equations.",
        "answer": "B"
    },
    {
        "question": "In a therapy session, an adult woman shares her experiences about her obsessive need for control and perfection in all aspects of her life. Her therapist suggests that her behavior may be rooted in a fixation in a certain stage of her psychosexual development, according to Sigmund Freud's theory. What stage might this woman be fixated in?",
        "A": "Anal",
        "B": "Phallic",
        "C": "Latent",
        "D": "Oral",
        "answer": "A"
    },
    {
        "question": "What kind of chemical bond holds the DNA double helix together?",
        "A": "Peptide bonds",
        "B": "Hydrogen bonds",
        "C": "Ionic bonds",
        "D": "Glycosidic bonds",
        "answer": "B"
    },
    {
        "question": "While commuting home from work late at night, an adult male cyclist notices a young boy sitting on the side of the road, seemingly unconscious. The boy is on the other side of the road. On crossing the road, the cyclist observes that the boy seems to be from a higher social class and of a different race than him. Finding no other person nearby, the cyclist decides to help. As per the bystander effect, which of the following scenarios could alter the cyclist's response?",
        "A": "The boy in distress appearing to be from a lower social class rather than a higher one",
        "B": "The visibility of a group of people congregating on the next block",
        "C": "The boy in distress appearing to be of the same race rather than a different one",
        "D": "The sight of another individual already rushing to assist the boy",
        "answer": "D"
    },
    {
        "question": "The process of glycolysis is particularly active during:",
        "A": "high-intensity exercise.",
        "B": "when glucose levels are low.",
        "C": "when there is a surplus of oxygen in the body.",
        "D": "periods of rest.",
        "answer": "A"
    },
    {
        "question": "The components of triacylglycerides include I. A glucose backbone II. a glycerol backbone III. two phosphodiester linkages IV. three ester linkages",
        "A": "II only",
        "B": "I and III",
        "C": "I and IV",
        "D": "II and IV",
        "answer": "D"
    },
    {
        "question": "In the context of enzyme kinetics, how does a competitive inhibitor differ from a noncompetitive inhibitor, and what would be the effect of increasing the substrate concentration on their inhibitory effects?",
        "A": "Decreases the impact of the competitive inhibitor and has no effect on the noncompetitive inhibitor",
        "B": "Increases the impact of the competitive inhibitor and decreases the impact of the noncompetitive inhibitor",
        "C": "Increases the impact of both the competitive and noncompetitive inhibitors",
        "D": "No effect on either type of inhibitor",
        "answer": "A"
    },
    {
        "question": "In the human body, tubulin proteins play a crucial role in maintaining the structure of microtubules. In a particular experiment, a mutation is introduced that significantly inhibits the function of tubulin proteins, leading to accelerated deterioration of microtubules. Which cellular activity would most likely be impacted the most?",
        "A": "Mitosis",
        "B": "Cellular respiration",
        "C": "Translation of mRNA into protein",
        "D": "Glycolysis",
        "answer": "A"
    },
    {
        "question": "What is the main catalyst for the relaxation process in muscle fibers?",
        "A": "Calcium detaching from tropomyosin.",
        "B": "Calcium reuptake into the sarcoplasmic reticulum.",
        "C": "Potassium unbinding from actin.",
        "D": "ATP unbinding from myosin.",
        "answer": "B"
    },
    {
        "question": "The mitochondria in a cell is primarily responsible for:",
        "A": "lipid storage.",
        "B": "protein synthesis.",
        "C": "energy production.",
        "D": "DNA replication.",
        "answer": "C"
    },
    {
        "question": "Changes in which neurotransmitters by medicinal substances have been demonstrated to impact the progression of fatigue?",
        "A": "Dopamine and GABA.",
        "B": "Serotonin and Dopamine.",
        "C": "Endorphins and Dopamine.",
        "D": "Serotonin and Noradrenaline.",
        "answer": "B"
    },
    {
        "question": "Where is ATP synthesized?",
        "A": "In the lysosome.",
        "B": "In the mitochondrial matrix.",
        "C": "In the Golgi apparatus.",
        "D": "In the nucleolus.",
        "answer": "B"
    },
    {
        "question": "Genetic variations are primarily caused by:",
        "A": "repeated exposure to certain chemicals.",
        "B": "mutations that occur spontaneously.",
        "C": "constant exposure to radiation.",
        "D": "uncontrolled reproduction of cells.",
        "answer": "B"
    },
    {
        "question": "Where can the enzymes involved in the process of glycolysis be found?",
        "A": "Golgi apparatus.",
        "B": "Mitochondrion.",
        "C": "Cytoplasm.",
        "D": "Endoplasmic reticulum.",
        "answer": "C"
    },
    {
        "question": "The theory of planned behavior is based on the idea that human action is guided by three kinds of considerations: beliefs about the likely consequences of the behavior, beliefs about the normative expectations of others, and beliefs about the presence of factors that may facilitate or impede performance of the behavior. What sort of framework does this best illustrate?",
        "A": "Behavioural",
        "B": "Utility-based",
        "C": "Cultural",
        "D": "Normative",
        "answer": "A"
    },
    {
        "question": "What are the products of ATP breakdown that rise in the blood during intense short-duration activities?",
        "A": "Lactate, urea and creatine",
        "B": "Ammonia, hypoxanthine and uric acid",
        "C": "Ammonia, urea and creatinine",
        "D": "Lactate, urea and creatinine",
        "answer": "B"
    },
    {
        "question": "The final product of glycolysis is:",
        "A": "Pyruvate.",
        "B": "Glucose.",
        "C": "Fructose.",
        "D": "Lactate.",
        "answer": "A"
    },
    {
        "question": "One of the primary reasons for exhaustion during Strenuous physical activities is:",
        "A": "inadequacy of ATP production to meet the requirements.",
        "B": "lack of expertise.",
        "C": "an increase in the cell concentration of ATP.",
        "D": "stimulation of ADP production.",
        "answer": "A"
    },
    {
        "question": "What factors influence the buildup of lactic acid in muscles?",
        "A": "The speed of muscle glucose absorption.",
        "B": "The speed of anaerobic respiration.",
        "C": "The speed of muscle lactate formation and the speed of muscle lactate outflow.",
        "D": "The discrepancy between the speed of lactic acid emergence and the speed of lactic acid elimination.",
        "answer": "D"
    },
    {
        "question": "Type II muscle fibers are known to exhibit which features?",
        "A": "White, glycolytic, fast contracting.",
        "B": "White, oxidative, fast contracting.",
        "C": "Red, oxidative, fast contracting.",
        "D": "Red, oxidative, slow contracting.",
        "answer": "A"
    },
    {
        "question": "If a gas occupies 0.5L at 300atm, what will its volume be at 1atm?",
        "A": "3000L",
        "B": "150L",
        "C": "slightly more than 150L",
        "D": "slightly less than 150L",
        "answer": "B"
    },
    {
        "question": "Given the assumption that the principles of fluid dynamics, specifically Bernoulli’s principle, apply to the cardiovascular system in humans, which of the following statements best compares the blood pressure in a capillary located in the brain to a capillary of the same cross-sectional area situated in the left foot?",
        "A": "The pressure in the foot capillary is higher than in the brain capillary due to the increased hydrostatic pressure",
        "B": "As per the conservation of energy, the pressure in the brain capillary is the same as in the foot capillary",
        "C": "Due to the elevation difference, the pressure in the brain capillary is higher than in the foot capillary",
        "D": "A precise comparison cannot be made without details about the fluid's viscosity and density",
        "answer": "A"
    },
    {
        "question": "How does ingestion of sodium bicarbonate enhance performance in long-distance running?",
        "A": "By lowering pre-workout muscle pH.",
        "B": "By raising the pH and buffering capacity of the extracellular fluid, promoting faster influx of hydrogen ions into muscle.",
        "C": "By increasing the pH and buffering capacity of the extracellular fluid, facilitating faster hydrogen ions efflux from muscle.",
        "D": "By reducing the pH and buffering capacity of the intracellular fluid, enabling quicker hydrogen ions efflux from muscle.",
        "answer": "C"
    },
    {
        "question": "A person comes to the hospital for a regular check-up and establishment of care. The patient was born 46, XX, yet identifies as a male. His preferred pronouns are He/Him. Moreover, he is sexually active with males only. How would you classify the gender and orientation of this person?",
        "A": "Transgender, homosexual",
        "B": "Transgender, heterosexual",
        "C": "Cis-gender, heterosexual",
        "D": "Cis-gender, homosexual",
        "answer": "A"
    },
    {
        "question": "Which of the following substances can function as a cellular buffer to reduce pH fluctuations during periods of increased cellular respiration?",
        "A": "Bicarbonate",
        "B": "Lactase",
        "C": "Galactose",
        "D": "Adenosine",
        "answer": "A"
    },
    {
        "question": "A group of scientists are designing a new smoke alarm system. They want to make sure the alarm can be heard even at a distance. They test the sound of the alarm and ask a subject in another room if they can hear it. When the subject is at the desired distance and they cannot hear the sound. In terms of Signal Detection Theory, what would this instance be referred to as?",
        "A": "Miss",
        "B": "Hit",
        "C": "Correct rejection",
        "D": "False alarm",
        "answer": "A"
    },
    {
        "question": "London, the capital of the United Kingdom, houses millions of people with diverse cultural backgrounds. The city is characterized by several smaller areas, where people from the same nationality live together, maintaining traditions from their original country. For instance, in Chinatown, a distinct part of the city, it's common to celebrate the Chinese New Year with traditional festivities. What kind of phenomenon does this represent?",
        "A": "Counter culture",
        "B": "Subculture",
        "C": "Pop culture",
        "D": "Microculture",
        "answer": "B"
    },
    {
        "question": "Holoenzymes are:",
        "A": "proteins that are loosely attached to enzymes.",
        "B": "enzymes that function without a cofactor.",
        "C": "part of the enzyme that is involved in the catalysis of the reaction.",
        "D": "complete, active enzyme proteins with their non-protein parts.",
        "answer": "D"
    },
    {
        "question": "What are codons made up of?",
        "A": "Four nucleotide sequences in mRNA or DNA.",
        "B": "Three nucleotide sequences in mRNA or DNA.",
        "C": "Three sequences of deoxyribose sugars in DNA.",
        "D": "Three amino acid sequences in polypeptide chains.",
        "answer": "B"
    },
    {
        "question": "In endurance sports like marathons, the blood lactate level generally:",
        "A": "consistently increases over the course of the race.",
        "B": "drops considerably as the race progresses.",
        "C": "doesn't change significantly throughout the race.",
        "D": "is typically higher in the initial phase than at the finish line.",
        "answer": "D"
    },
    {
        "question": "Which of the following statements about the process of synaptic transmission is NOT true?",
        "A": "The arrival of an action potential at the axon terminal triggers the release of neurotransmitters.",
        "B": "Neurotransmitters can either excite the post-synaptic neuron to generate an action potential or inhibit it from doing so.",
        "C": "Neurotransmitters are released into the synaptic cleft from the axon terminal of a neuron.",
        "D": "The synaptic cleft allows electrical signals to be directly transferred from the presynaptic neuron to the postsynaptic neuron.",
        "answer": "D"
    },
    {
        "question": "Which of the following statements is accurate?",
        "A": "Vitamin C supplements can boost immune function.",
        "B": "Consuming carbohydrates in excess of 5 grams per kg body mass per day will enhance cardio endurance.",
        "C": "Fiber supplements can improve digestion and absorption.",
        "D": "Bone density is increased by low-impact activities.",
        "answer": "A"
    },
    {
        "question": "Which of the following statements is incorrect?",
        "A": "Muscle creatine phosphate levels remain constant during an intense workout.",
        "B": "During high intensity exercise, a significant amount of glycogen is burned.",
        "C": "Lactic acid buildup in the muscles begins within the first few seconds of high-intensity training.",
        "D": "Repetitive short bursts of exercise can lead to an increase in muscle lactate.",
        "answer": "A"
    },
    {
        "question": "The quickest process for ATP regeneration during physical exertion is:",
        "A": "Citric acid cycle (TCA cycle).",
        "B": "Decomposition of phosphocreatine.",
        "C": "Glycogen decomposition.",
        "D": "Lactic acid fermentation.",
        "answer": "B"
    },
    {
        "question": "In cellular respiration, the process of glycolysis breaks down a glucose molecule, yielding two molecules of pyruvate. The process by which pyruvate is converted to acetyl coenzyme A in the mitochondria, releasing a molecule of carbon dioxide and reducing NAD+ to NADH in the process, is known as what?",
        "A": "Dehydrogenation",
        "B": "Oxidative Decarboxylation",
        "C": "Decarboxylation",
        "D": "Oxidation",
        "answer": "B"
    },
    {
        "question": "Which of the following compounds will immediately decrease in production when cells are deprived of oxygen?",
        "A": "Carbon dioxide",
        "B": "Lactic acid",
        "C": "Adenosine triphosphate",
        "D": "Glucose",
        "answer": "C"
    },
    {
        "question": "Due to consistent alcohol consumption during early adulthood, an individual experiences several cognitive impairments signifying lower executive functioning. Which of the following can be expected in this person? I. Neurological alterations in the prefrontal cortex. II. Enhanced risk of visual hallucinations. III. Decreased capacity for impulse restraint.",
        "A": "III only",
        "B": "I and III only",
        "C": "II and III only",
        "D": "I only",
        "answer": "B"
    },
    {
        "question": "The process of glycogenolysis in the liver predominantly produces what?",
        "A": "Glucose-1,4-diphosphate.",
        "B": "Glucose-6-phosphate.",
        "C": "Glucose-1-phosphate.",
        "D": "Glucose.",
        "answer": "D"
    },
    {
        "question": "A marathon runner decides to lose 10kg for a race in May and commits herself to a three-month weight loss plan. Which of the following is NOT a suitable strategy to control her daily caloric intake?",
        "A": "Store sugary snacks and treats out of her immediate view at home.",
        "B": "Pinch herself every time she indulges in a high-calorie food item.",
        "C": "Treat herself with a delicious dessert every Sunday if she maintains her diet regimen.",
        "D": "Opt to spend time in a salad bar instead of a burger joint.",
        "answer": "B"
    },
    {
        "question": "What is the primary energy source for short, intense bursts of muscle activity lasting 1-2 seconds?",
        "A": "Glycogenolysis.",
        "B": "Fatty acid oxidation.",
        "C": "ATP reserves.",
        "D": "Anaerobic metabolism.",
        "answer": "C"
    },
    {
        "question": "Which of the following elements doesn't affect performance in athletics?",
        "A": "Ability to recover quickly after intensive workout.",
        "B": "Consumption of glutamine during activity.",
        "C": "Strategies.",
        "D": "Nutrition.",
        "answer": "B"
    },
    {
        "question": "Which germ layer gives rise to the interior linings of the lungs and digestive tract? I. Endoderm II. Mesoderm III. Ectoderm",
        "A": "III only",
        "B": "II only",
        "C": "I and II",
        "D": "I only",
        "answer": "D"
    },
    {
        "question": "In a research study, a protein embedded in the cell membrane is identified to be composed of four distinct amino acids in different proportions. These are, respectively, alanine, serine, leucine, and threonine. Among these amino acids, which one is most likely to be located within the transmembrane region?",
        "A": "Leucine",
        "B": "Threonine",
        "C": "Serine",
        "D": "Alanine",
        "answer": "A"
    },
    {
        "question": "Which among the following nucleotide bases is not present in DNA?",
        "A": "Adenine",
        "B": "Cytosine",
        "C": "Thymine",
        "D": "Uracil",
        "answer": "D"
    },
    {
        "question": "Slow-twitch fibres are characterized by:",
        "A": "a low quantity of mitochondria and high ATPase activity.",
        "B": "a low quantity of mitochondria and low ATPase activity.",
        "C": "a high quantity of mitochondria and low ATPase activity.",
        "D": "a high quantity of mitochondria and high ATPase activity.",
        "answer": "C"
    },
    {
        "question": "The metabolic pathway that converts glucose into pyruvate yields a net gain of:",
        "A": "six molecules of ATP.",
        "B": "eight molecules of ATP.",
        "C": "two molecules of ATP.",
        "D": "four molecules of ATP.",
        "answer": "C"
    },
    {
        "question": "Chronic Lymphocytic Leukemia is a type of cancer where B lymphocytes multiply excessively and retain their immature state. Under normal conditions, which of the following cell types would B lymphocytes typically mature into?",
        "A": "Eosinophil",
        "B": "Macrophage",
        "C": "Dendritic cell",
        "D": "Plasma cell",
        "answer": "D"
    },
    {
        "question": "How do glucose and amino acids enter the cell?",
        "A": "Via a protein transporter molecule.",
        "B": "Through simple diffusion.",
        "C": "Via a cotransport mechanism with ions.",
        "D": "Via an active transport mechanism.",
        "answer": "C"
    },
    {
        "question": "The process of meiosis consists of several steps with specific features. Match the step of meiosis with its correct description: Zygotene — Homologous chromosomes start to pair",
        "A": "Leptotene — Chromosomes condense and become visible",
        "B": "Pachytene — Duplicated chromosomes start to separate",
        "C": "Diplotene — The chromosomes condense further",
        "D": "Diakinesis — Homologous chromosomes fully separate and move to opposite poles",
        "answer": "A"
    },
    {
        "question": "An investigation was conducted on the application processes of highly exclusive universities. During the study, they identified two key factors that were closely associated with admission success, namely high school GPA and standardized test results, showing correlation values of +0.39 and +0.51 respectively. Yet, the study revealed that applicants with social connections that overlapped with the alumni networks of these esteemed universities had an even higher likelihood of acceptance, with a correlation of +0.67 between social and alumni network. This correlation indicates:",
        "A": "the significance of cultural wealth.",
        "B": "a system based solely on merit.",
        "C": "an incorrect linkage.",
        "D": "the importance of social wealth.",
        "answer": "D"
    },
    {
        "question": "A woman is in the emergency room after a snake bite. She mentioned the snake seemed unusually aggressive. The snake was captured and identified as a venomous species. The woman is immediately administered an antivenom, produced from the plasma of sheep which have been immunized with the snake venom. This scenario is a demonstration of what type of immunity?",
        "A": "Active",
        "B": "Natural",
        "C": "Artificial",
        "D": "Passive",
        "answer": "D"
    },
    {
        "question": "The Wallerstein's World Systems Analysis categorizes the world into three main types: core nations, semi-periphery nations, and periphery nations. What characteristic is most associated with core nations according to this theory?",
        "A": "Fluctuating economic stability.",
        "B": "A significant gap between the rich and the poor.",
        "C": "Dependence on a single industrial sector.",
        "D": "Highly developed and industrialized economy.",
        "answer": "D"
    },
    {
        "question": "What do phosphatase reactions entail?",
        "A": "Involve the addition or removal of an amino acid to a polypeptide chain.",
        "B": "Inhibit ATP synthesis.",
        "C": "Involve the addition of a phosphate group.",
        "D": "Involve the removal of a phosphate group.",
        "answer": "D"
    },
    {
        "question": "How long can the ATP reserve in muscles typically fuel high-intensity physical activity for?",
        "A": "Half a second.",
        "B": "5 seconds.",
        "C": "30 seconds.",
        "D": "10 seconds.",
        "answer": "D"
    },
    {
        "question": "Based on attachment theory, which of the following children would most likely form an attachment to a female psychologist, previously unfamiliar to the child, during a psychological research?",
        "A": "A three-month-old male baby brought up in a secure, stable environment",
        "B": "A six-month-old female baby brought up in a secure, stable environment",
        "C": "A twelve-month-old female baby raised by two caregivers who sometimes neglect the child",
        "D": "A seven-month-old male baby raised by a single caregiver who constantly neglects the child",
        "answer": "A"
    },
    {
        "question": "Where is insulin primarily produced?",
        "A": "In the liver.",
        "B": "In the heart.",
        "C": "In the kidneys.",
        "D": "In the pancreas.",
        "answer": "D"
    },
    {
        "question": "The regulation of body temperature is controlled by the hypothalamus by initiating the heat-loss/heat-promotion responses. What mechanism is responsible for maintaining this temperature balance?",
        "A": "Positive feedback loop of body heat.",
        "B": "Depletion of the body's heat reserve.",
        "C": "Negative feedback mechanism of body temperature.",
        "D": "Release of heat-inhibitory factor.",
        "answer": "C"
    },
    {
        "question": "A local city council member assembles a group to reduce discrimination and racially motivated abuses. The group suggests solutions like enhanced educational opportunities, public community growth initiatives for diverse, potentially at odds, groups, and passing more rigorous anti-discrimination laws locally. These recommendations are based on: I. Self-esteem hypothesis II. Contact hypothesis III. Interaction hypothesis IV. Legal hypothesis",
        "A": "II, III, and IV",
        "B": "I, II, and III",
        "C": "I, III, and IV",
        "D": "I, II, and IV",
        "answer": "D"
    },
    {
        "question": "The primary source of energy used in muscle contraction is:",
        "A": "ATP.",
        "B": "Protein.",
        "C": "Glucose.",
        "D": "Glycogen.",
        "answer": "A"
    },
    {
        "question": "What process allows for multiple proteins to be generated from a single gene?",
        "A": "A gene's primary transcripts can be edited in various patterns resulting in different mRNAs, this is called alternative RNA splicing.",
        "B": "By modifying the mRNA molecule after its formation from the primary transcript.",
        "C": "Through the replication of the DNA sequence in the gene.",
        "D": "By extending the length of the mRNA molecule from the primary transcript.",
        "answer": "A"
    },
    {
        "question": "Where in the muscle cell is myoglobin located?",
        "A": "In the cytoplasm.",
        "B": "In the mitochondria.",
        "C": "Under the plasma membrane.",
        "D": "In the nucleus.",
        "answer": "A"
    },
    {
        "question": "A researcher uses a rat model to study the effects of high cholesterol on liver function and identifies a previously unrecognized hormone. His findings suggest that this hormone operates both extracellularly and intracellularly, amplifies protein synthesis inside the cell when it is active, and originates from a structure comprising four cyclic hydrocarbon rings. This hormone would most likely be classified under which category?",
        "A": "Proteinaceous",
        "B": "Amino acid derivative",
        "C": "Polypeptide",
        "D": "Steroid",
        "answer": "D"
    },
    {
        "question": "The non-coding sequences of genes are known as:",
        "A": "mutations.",
        "B": "introns.",
        "C": "exons.",
        "D": "isotopes.",
        "answer": "B"
    },
    {
        "question": "Which of the following does NOT represent an instance of nonverbal communication? I. A soldier saluting their superior officer. II. A football coach shouting instructions from the sideline. III. A person winking to show they are joking.",
        "A": "I and III only",
        "B": "II and III only",
        "C": "II only",
        "D": "I only",
        "answer": "C"
    },
    {
        "question": "The eukaryotic cell holds extensive information within its DNA because it can condense coding regions that aren't currently expressed. Which process, when performed on DNA, is most likely to result in a reduced gene expression?",
        "A": "Enhanced activity of histone acetyltransferase",
        "B": "Increased methylation activity",
        "C": "Increased ratio of heterochromatin to euchromatin",
        "D": "Reduced activity of histone deacetyltransferase",
        "answer": "B"
    },
    {
        "question": "The process of cellular respiration that does not require oxygen is known as:",
        "A": "Fermentation",
        "B": "Aerobic respiration",
        "C": "Anaerobic respiration",
        "D": "Photosynthesis",
        "answer": "C"
    },
    {
        "question": "Which of the following components is not a constituent of DNA?",
        "A": "Nitrogenous base",
        "B": "Phosphate group",
        "C": "Ribose sugar",
        "D": "Deoxyribose sugar",
        "answer": "C"
    },
    {
        "question": "How many electrons does silver (Ag) have with a principal quantum number n = 4?",
        "A": "18",
        "B": "5",
        "C": "47",
        "D": "11",
        "answer": "A"
    },
    {
        "question": "As the number of sprints continues to rise, the:",
        "A": "oxygen level in the muscles decreases.",
        "B": "blood sugar level drops below 4 mmol/L.",
        "C": "proportion of aerobic metabolism escalates.",
        "D": "lactic acid in the muscles increases.",
        "answer": "D"
    },
    {
        "question": "Sprinkler systems function by reducing the area of water outlet to increase the force of water, aiding in dispersing it broadly. If the preliminary velocity of water from a sprinkler is 3 m/s, pressure remains unvarying, and the outlet of the sprinkler is 1/2 the area of the inlet, what is the concluding velocity of water as it gushes out?",
        "A": "8 m/s",
        "B": "3 m/s",
        "C": "6 m/s",
        "D": "5 m/s",
        "answer": "C"
    },
    {
        "question": "The total energy yield from one molecule each of FADH2 and NADH+H through oxidative phosphorylation is enough to produce:",
        "A": "2 ATP.",
        "B": "4 ATP.",
        "C": "3 ATP.",
        "D": "5 ATP.",
        "answer": "B"
    },
    {
        "question": "The biological gender of an offspring is determined by the transmission of:",
        "A": "a single Y chromosome from the father.",
        "B": "a dominant gene on the X chromosome.",
        "C": "an X chromosome exclusively from the mother.",
        "D": "a single X chromosome from the father.",
        "answer": "A"
    },
    {
        "question": "The muscle glycogen utilization during 30-40 minutes of moderate intensity exercise:",
        "A": "remains relatively unchanged.",
        "B": "is significantly depleted.",
        "C": "is slightly used but not significantly.",
        "D": "is not used as the primary energy source.",
        "answer": "B"
    },
    {
        "question": "In the process of DNA replication, errors are incorporated into the lagging strand approximately once every 100,000 to 1 million copies. DNA is subjected to verification by multiple mechanisms. If an error is detected and the incorrect nucleotide is eliminated shortly after the RNA primer is removed, this is likely the work of which repair mechanism?",
        "A": "DNA polymerase II",
        "B": "Base excision repair",
        "C": "DNA ligase",
        "D": "DNA polymerase I",
        "answer": "D"
    },
    {
        "question": "Each of the following are elements of the McDonaldization of Society EXCEPT:",
        "A": "Integration of technology into all aspects of daily life",
        "B": "Quantification and calculation for decision-making over subjective or differential modes",
        "C": "Promotion of individualistic and non-conformist values",
        "D": "Efficiency-driven restructuring of processes and norms",
        "answer": "C"
    },
    {
        "question": "Which of the following substances can pass through the ascending loop of Henle of the nephron in the kidney?",
        "A": "H2O",
        "B": "Urea",
        "C": "Glucose",
        "D": "Na+",
        "answer": "D"
    }
]